"Timestamp","Please type your first and last name.","Choose the faction leader that YOU believe will work YOU to the best of your abilities."
"2016/01/25 11:05:46 PM GMT","Colin Mahoney","Nathan Anderson"
"2016/01/25 11:05:50 PM GMT","Michael Cabrera","Iris Sandoval"
"2016/01/25 11:06:02 PM GMT","Marvish Chandra","Nathan Anderson"
"2016/01/25 11:06:21 PM GMT","alma martinez","Iris Sandoval"
"2016/01/25 11:06:23 PM GMT","Jason Amaro","Cory Stover"
"2016/01/25 11:07:13 PM GMT","Jacob Diba","Sean Jinbo"
"2016/01/27 3:15:57 AM GMT","Marvish Chandra","Nathan Anderson"
"2016/01/27 11:04:46 PM GMT","Tony Sanchez","Nathan Anderson"